{
    "1D_CPU_CSR_OpenMP": {
        "2.097152": 36.70928478240967, 
        "16.777216": 270.4798936843872, 
        "11.9025": 200.36940574645996, 
        "1.023183": 29.120802879333496, 
        "4.194304": 60.09948253631592, 
        "6.224001": 105.89690208435059
    }, 
    "1D_CPU_LUT_OpenMP": {
        "2.097152": 42.04239845275879, 
        "16.777216": 290.75729846954346, 
        "11.9025": 226.94101333618164, 
        "1.023183": 27.10869312286377, 
        "4.194304": 65.31798839569092, 
        "6.224001": 124.17190074920654
    }, 
    "1D_CPU_serial": {
        "2.097152": 101.10330581665039, 
        "16.777216": 966.9064044952393, 
        "11.9025": 712.5466108322144, 
        "1.023183": 55.148911476135254, 
        "4.194304": 259.25679206848145, 
        "6.224001": 401.67460441589355
    }
}